,album,track_number,id,name,uri,acousticness,danceability,energy,instrumentalness,liveness,loudness,speechiness,tempo,valence,popularity
0,A Love Letter To You 4 (Deluxe),1,3sFi8WcTvFE2u8pTaVTHJU,I Love You,spotify:track:3sFi8WcTvFE2u8pTaVTHJU,0.0699,0.732,0.736,0.0,0.0899,-3.916,0.0344,142.976,0.472,62
1,A Love Letter To You 4 (Deluxe),2,2AGj9do0rWaU1KkQWzxueo,The Way,spotify:track:2AGj9do0rWaU1KkQWzxueo,0.182,0.78,0.666,1.62e-05,0.147,-6.222,0.172,145.978,0.537,62
2,A Love Letter To You 4 (Deluxe),3,3BCDiaE7OfU2u9hNlUjJjN,YELL OH,spotify:track:3BCDiaE7OfU2u9hNlUjJjN,0.00437,0.851,0.537,0.0,0.297,-6.98,0.174,149.231,0.211,58
3,A Love Letter To You 4 (Deluxe),4,2wsA4fEHE7ig1B8TyGkZ12,How I Was Raised,spotify:track:2wsA4fEHE7ig1B8TyGkZ12,0.0833,0.633,0.687,0.0,0.103,-5.059,0.0726,160.035,0.486,63
4,A Love Letter To You 4 (Deluxe),5,0T3oEXdD4IKrIFD4qKRow5,OTF KNIGHTMARE,spotify:track:0T3oEXdD4IKrIFD4qKRow5,0.0901,0.732,0.607,0.0,0.715,-5.721,0.116,149.957,0.326,50
5,A Love Letter To You 4 (Deluxe),6,6Oe1Fae5XVnplpDwdRB4qU,Even Steven,spotify:track:6Oe1Fae5XVnplpDwdRB4qU,0.0411,0.75,0.485,0.0,0.104,-4.835,0.0679,81.465,0.172,50
6,A Love Letter To You 4 (Deluxe),7,46ljQNpi8cMWOUFOSZkY5j,Amazinggg,spotify:track:46ljQNpi8cMWOUFOSZkY5j,0.0514,0.763,0.644,0.0,0.11,-5.562,0.0771,134.003,0.559,53
7,A Love Letter To You 4 (Deluxe),8,1w63oxR5cYzGynGUg8sAIx,Koi,spotify:track:1w63oxR5cYzGynGUg8sAIx,0.841,0.645,0.497,0.0,0.131,-4.111,0.0265,120.036,0.602,52
8,A Love Letter To You 4 (Deluxe),9,5Tvw0vbgZ6b7iSMnFlC5nY,Leray,spotify:track:5Tvw0vbgZ6b7iSMnFlC5nY,0.789,0.774,0.195,0.00103,0.109,-12.233,0.087,132.847,0.369,47
9,A Love Letter To You 4 (Deluxe),10,16PB6ZaPUjHFyx361Yzv35,Who Needs Love,spotify:track:16PB6ZaPUjHFyx361Yzv35,0.763,0.85,0.516,0.0,0.0896,-7.664,0.0714,108.963,0.874,49
10,A Love Letter To You 4 (Deluxe),11,26lScTV9VbttgenkS598N0,Love Sick,spotify:track:26lScTV9VbttgenkS598N0,0.527,0.861,0.712,4.12e-05,0.622,-6.72,0.104,119.042,0.687,49
11,A Love Letter To You 4 (Deluxe),12,6DHcVScnGntV0MsE79HhJ5,Love Me More,spotify:track:6DHcVScnGntV0MsE79HhJ5,0.22,0.638,0.539,0.0,0.241,-5.853,0.0504,83.381,0.247,48
12,A Love Letter To You 4 (Deluxe),13,2QLnNQNPRQqjTLTpfWCMEf,Real Feel,spotify:track:2QLnNQNPRQqjTLTpfWCMEf,0.372,0.837,0.57,0.0,0.0862,-5.221,0.0767,74.514,0.425,46
13,A Love Letter To You 4 (Deluxe),14,5g221HnqdArRvZ88H2K3TZ,This Ain't That,spotify:track:5g221HnqdArRvZ88H2K3TZ,0.114,0.716,0.68,0.0,0.366,-4.755,0.0589,76.47,0.219,46
14,A Love Letter To You 4 (Deluxe),15,2AeuMXhRs9SWOsMrSC4UEN,6 Kiss,spotify:track:2AeuMXhRs9SWOsMrSC4UEN,0.109,0.687,0.449,0.0,0.282,-10.061,0.154,142.048,0.229,50
15,A Love Letter To You 4 (Deluxe),16,2KVNGW7BAtrAb7lsMSAPY8,Til The End of Time,spotify:track:2KVNGW7BAtrAb7lsMSAPY8,0.182,0.747,0.596,1.11e-06,0.319,-6.904,0.0292,120.006,0.502,45
16,A Love Letter To You 4 (Deluxe),17,4UvlcWACbFHY58AzTrPjQy,U Deserve It,spotify:track:4UvlcWACbFHY58AzTrPjQy,0.547,0.817,0.509,4.28e-06,0.0758,-7.287,0.0316,110.014,0.551,44
17,A Love Letter To You 4 (Deluxe),18,5QIcibWJRQj5eqNvXljrMu,Hate Me,spotify:track:5QIcibWJRQj5eqNvXljrMu,0.406,0.872,0.48,0.0,0.109,-7.184,0.0664,121.013,0.61,47
18,A Love Letter To You 4 (Deluxe),19,4kB0I1OEJrjtkmmNEAWE7d,All For Me,spotify:track:4kB0I1OEJrjtkmmNEAWE7d,0.505,0.445,0.737,0.0,0.0797,-5.516,0.483,74.374,0.642,43
19,A Love Letter To You 4 (Deluxe),20,2YuXu9LQ8JwJwJe2hzNy6B,Sickening,spotify:track:2YuXu9LQ8JwJwJe2hzNy6B,0.174,0.78,0.679,0.0,0.127,-4.554,0.0881,139.978,0.47,43
20,A Love Letter To You 4 (Deluxe),21,2kG4a1Ow8Xo8xlztwLrPtO,The Grinch,spotify:track:2kG4a1Ow8Xo8xlztwLrPtO,0.137,0.676,0.503,6.36e-05,0.0981,-6.115,0.0971,162.85,0.196,48
21,A Love Letter To You 4 (Deluxe),22,2Y8pRufys2rS3R5dzWxxqT,Death,spotify:track:2Y8pRufys2rS3R5dzWxxqT,0.0579,0.802,0.82,0.0,0.149,-5.969,0.146,164.005,0.613,45
22,A Love Letter To You 4 (Deluxe),23,2c22ZL9S5TD3W8OnfEYZgZ,RMP,spotify:track:2c22ZL9S5TD3W8OnfEYZgZ,0.433,0.732,0.411,0.0,0.369,-5.064,0.0648,126.005,0.0333,41
23,A Love Letter To You 4 (Deluxe),24,28moNs5phPTnwatbJkYarT,M's,spotify:track:28moNs5phPTnwatbJkYarT,0.719,0.781,0.672,0.0,0.275,-4.159,0.256,140.281,0.757,41
24,A Love Letter To You 4 (Deluxe),25,4uxfzOKjdBhygaf7fG8MRW,Bust Down Deux,spotify:track:4uxfzOKjdBhygaf7fG8MRW,0.181,0.744,0.677,0.0,0.158,-4.605,0.0873,155.954,0.417,41
25,A Love Letter To You 4 (Deluxe),26,2s8cMPo2kJI5bc0zcz0WlY,The Jungle Book,spotify:track:2s8cMPo2kJI5bc0zcz0WlY,0.0491,0.686,0.648,0.0,0.382,-6.055,0.0913,85.004,0.0538,42
26,A Love Letter To You 4 (Deluxe),27,7di2bksg1D5emzm1uHToQV,Chosen,spotify:track:7di2bksg1D5emzm1uHToQV,0.596,0.848,0.454,0.0,0.121,-6.934,0.151,116.968,0.558,42
27,A Love Letter To You 4 (Deluxe),28,7M26FYB0fgCnU6ON5RNKxA,Abandoned,spotify:track:7M26FYB0fgCnU6ON5RNKxA,0.926,0.801,0.153,0.0,0.109,-8.492,0.0428,130.18,0.429,43
28,A Love Letter To You 4 (Deluxe),29,5OD6yUSazNNnZHmdfnTfji,Can You Rap Like Me - Pt. 2,spotify:track:5OD6yUSazNNnZHmdfnTfji,0.232,0.772,0.875,0.0,0.108,-5.534,0.397,101.989,0.616,42
29,A Love Letter To You 4,1,6GivWRmlYtefJr28jev6e0,Leray,spotify:track:6GivWRmlYtefJr28jev6e0,0.789,0.774,0.195,0.00103,0.109,-12.233,0.087,132.847,0.369,65
30,A Love Letter To You 4,2,2ktxr00GpTtbMNeBjNeY8D,Who Needs Love,spotify:track:2ktxr00GpTtbMNeBjNeY8D,0.763,0.85,0.516,0.0,0.0896,-7.664,0.0714,108.963,0.874,76
31,A Love Letter To You 4,3,2PRKaIkl62537yLUt8VhHR,Love Sick,spotify:track:2PRKaIkl62537yLUt8VhHR,0.527,0.861,0.712,4.12e-05,0.622,-6.72,0.104,119.042,0.687,67
32,A Love Letter To You 4,4,6uYgCE2OEulOw5zhHvZsHf,Love Me More,spotify:track:6uYgCE2OEulOw5zhHvZsHf,0.22,0.638,0.539,0.0,0.241,-5.853,0.0504,83.381,0.247,72
33,A Love Letter To You 4,5,6Dqja51kHdm93TJGkX7T16,Real Feel,spotify:track:6Dqja51kHdm93TJGkX7T16,0.372,0.837,0.57,0.0,0.0862,-5.221,0.0767,74.514,0.425,61
34,A Love Letter To You 4,6,07NMFSwppnky8JyIQIxAQZ,This Ain't That,spotify:track:07NMFSwppnky8JyIQIxAQZ,0.114,0.716,0.68,0.0,0.366,-4.755,0.0589,76.47,0.219,62
35,A Love Letter To You 4,7,7tgjDlQsMR8RvkdlNCJA58,6 Kiss,spotify:track:7tgjDlQsMR8RvkdlNCJA58,0.109,0.687,0.449,0.0,0.282,-10.061,0.154,142.048,0.229,74
36,A Love Letter To You 4,8,3Z9vHQOOPvRtOnTPyXLkWD,Til The End of Time,spotify:track:3Z9vHQOOPvRtOnTPyXLkWD,0.182,0.747,0.596,1.11e-06,0.319,-6.904,0.0292,120.006,0.502,58
37,A Love Letter To You 4,9,4hQ6o8ECY5MyHyodnyOHEw,U Deserve It,spotify:track:4hQ6o8ECY5MyHyodnyOHEw,0.547,0.817,0.509,4.28e-06,0.0758,-7.287,0.0316,110.014,0.551,59
38,A Love Letter To You 4,10,1FxTz4x5X7ewAICkKhB3kA,Hate Me,spotify:track:1FxTz4x5X7ewAICkKhB3kA,0.406,0.872,0.48,0.0,0.109,-7.184,0.0664,121.013,0.61,66
39,A Love Letter To You 4,11,01kOu8BA8yzAHx9LUidTi9,All For Me,spotify:track:01kOu8BA8yzAHx9LUidTi9,0.505,0.445,0.737,0.0,0.0797,-5.516,0.483,74.374,0.642,57
40,A Love Letter To You 4,12,56S5YTNqlsXSnR5T1S2oyJ,Sickening,spotify:track:56S5YTNqlsXSnR5T1S2oyJ,0.174,0.78,0.679,0.0,0.127,-4.554,0.0881,139.978,0.47,57
41,A Love Letter To You 4,13,1W24W6jQegnNh0x5DfBBPT,The Grinch,spotify:track:1W24W6jQegnNh0x5DfBBPT,0.137,0.676,0.503,6.36e-05,0.0981,-6.115,0.0971,162.85,0.196,68
42,A Love Letter To You 4,14,3Kd6Wp3lG5HXMB2dlvuy7y,Death,spotify:track:3Kd6Wp3lG5HXMB2dlvuy7y,0.0579,0.802,0.82,0.0,0.149,-5.969,0.146,164.005,0.613,70
43,A Love Letter To You 4,15,5e4oAwSsIzkNZxh4fLSKUH,RMP,spotify:track:5e4oAwSsIzkNZxh4fLSKUH,0.433,0.732,0.411,0.0,0.369,-5.064,0.0648,126.005,0.0333,54
44,A Love Letter To You 4,16,2UUnhLf51JSrji1FAbJ17G,M's,spotify:track:2UUnhLf51JSrji1FAbJ17G,0.719,0.781,0.672,0.0,0.275,-4.159,0.256,140.281,0.757,53
45,A Love Letter To You 4,17,39WVsfrPyaLCx04khGj3fN,Bust Down Deux,spotify:track:39WVsfrPyaLCx04khGj3fN,0.181,0.744,0.677,0.0,0.158,-4.605,0.0873,155.954,0.417,53
46,A Love Letter To You 4,18,2cSqeOJIaFPEF7N5J7xiIZ,The Jungle Book,spotify:track:2cSqeOJIaFPEF7N5J7xiIZ,0.0491,0.686,0.648,0.0,0.382,-6.055,0.0913,85.004,0.0538,57
47,A Love Letter To You 4,19,1M4pM5XgwxasguJP1dJIC6,Chosen,spotify:track:1M4pM5XgwxasguJP1dJIC6,0.596,0.848,0.454,0.0,0.121,-6.934,0.151,116.968,0.558,55
48,A Love Letter To You 4,20,55L35RJDZHEd5kIqz0Umkv,Abandoned,spotify:track:55L35RJDZHEd5kIqz0Umkv,0.926,0.801,0.153,0.0,0.109,-8.492,0.0428,130.18,0.429,58
49,A Love Letter To You 4,21,6v36HjllB4mRIFlT3U1ZPL,Can You Rap Like Me - Pt. 2,spotify:track:6v36HjllB4mRIFlT3U1ZPL,0.232,0.772,0.875,0.0,0.108,-5.534,0.397,101.989,0.616,56
50,A Love Letter To You 4,1,715gwKrHGyTZEpfYlUUBPT,Leray,spotify:track:715gwKrHGyTZEpfYlUUBPT,0.812,0.591,0.186,0.000587,0.115,-12.315,0.1,132.81,0.309,24
51,A Love Letter To You 4,2,4csmLv2wmFixcKfvAJrRyK,Who Needs Love,spotify:track:4csmLv2wmFixcKfvAJrRyK,0.711,0.863,0.512,1.14e-05,0.0901,-7.138,0.0573,109.01,0.854,33
52,A Love Letter To You 4,3,22jIW673OGPeCi1xQWG0Zd,Love Sick,spotify:track:22jIW673OGPeCi1xQWG0Zd,0.443,0.873,0.664,6.18e-05,0.577,-7.779,0.139,119.01,0.689,28
53,A Love Letter To You 4,4,7fFnj4RwxMrE8VLN2kGKff,Love Me More,spotify:track:7fFnj4RwxMrE8VLN2kGKff,0.213,0.645,0.552,0.0,0.202,-5.873,0.0554,83.454,0.213,24
54,A Love Letter To You 4,5,7FNb9cufRgL7rpzCoAYeAy,Real Feel,spotify:track:7FNb9cufRgL7rpzCoAYeAy,0.228,0.832,0.575,1.95e-06,0.0883,-5.686,0.0898,74.506,0.444,22
55,A Love Letter To You 4,6,5W1EndujXgxbSyjmrq202b,This Ain't That,spotify:track:5W1EndujXgxbSyjmrq202b,0.0613,0.724,0.697,0.0,0.328,-4.912,0.0579,76.487,0.133,34
56,A Love Letter To You 4,7,4mornSeZ21RwlrqcgLbULI,6 Kiss,spotify:track:4mornSeZ21RwlrqcgLbULI,0.128,0.69,0.444,0.0,0.286,-10.062,0.104,142.039,0.192,41
57,A Love Letter To You 4,8,19gariEvxsNZwse94K1aXp,Til The End of Time,spotify:track:19gariEvxsNZwse94K1aXp,0.177,0.747,0.598,1.14e-06,0.318,-6.904,0.0288,119.991,0.495,22
58,A Love Letter To You 4,9,4kRiFL7YTWeNhjzjW9fO6T,U Deserve It,spotify:track:4kRiFL7YTWeNhjzjW9fO6T,0.512,0.821,0.511,9.95e-05,0.0757,-7.376,0.0304,109.992,0.472,21
59,A Love Letter To You 4,10,7jDFX2Nvv1BUQf2CxUbOSt,Hate Me,spotify:track:7jDFX2Nvv1BUQf2CxUbOSt,0.476,0.874,0.47,0.0,0.107,-7.285,0.0714,120.947,0.598,30
60,A Love Letter To You 4,11,3NMy9ENHOeDYc5raG5M6ye,All For Me,spotify:track:3NMy9ENHOeDYc5raG5M6ye,0.61,0.637,0.747,0.0,0.0951,-5.899,0.44,76.42,0.579,23
61,A Love Letter To You 4,12,4hjooixDBTNCA3q7tyXuxl,Sickening,spotify:track:4hjooixDBTNCA3q7tyXuxl,0.0992,0.79,0.68,0.0,0.122,-4.647,0.0615,140.006,0.421,22
62,A Love Letter To You 4,13,1dZNhqeeZLFFofmjkqUvNi,The Grinch,spotify:track:1dZNhqeeZLFFofmjkqUvNi,0.0869,0.664,0.505,0.00133,0.0927,-6.088,0.0684,163.006,0.248,26
63,A Love Letter To You 4,14,6F9Jk3keVxf1YjXZsmdL1v,Death,spotify:track:6F9Jk3keVxf1YjXZsmdL1v,0.0561,0.813,0.785,0.0,0.149,-5.923,0.113,81.98,0.654,44
64,A Love Letter To You 4,15,6tQ0gEMCQ9i5QBsBkNMYGD,RMP,spotify:track:6tQ0gEMCQ9i5QBsBkNMYGD,0.286,0.733,0.362,0.0,0.364,-5.307,0.0681,125.982,0.0337,19
65,A Love Letter To You 4,16,1B612HiRjheSfmbqyqhkac,M's,spotify:track:1B612HiRjheSfmbqyqhkac,0.741,0.772,0.617,0.0,0.261,-4.287,0.265,140.073,0.726,20
66,A Love Letter To You 4,17,3LrX2xFnC52PfKLCyb83fv,Bust Down Deux,spotify:track:3LrX2xFnC52PfKLCyb83fv,0.103,0.722,0.633,0.0,0.141,-4.95,0.18,155.96,0.361,18
67,A Love Letter To You 4,18,6YUZneKOk7OSzo1Lpi8kZ3,The Jungle Book,spotify:track:6YUZneKOk7OSzo1Lpi8kZ3,0.0363,0.691,0.586,0.0,0.383,-6.984,0.0805,85.011,0.0592,19
68,A Love Letter To You 4,19,5WJzxSmItHhTrdIBeoIvmp,Chosen,spotify:track:5WJzxSmItHhTrdIBeoIvmp,0.535,0.846,0.445,0.0,0.117,-7.107,0.153,116.937,0.569,18
69,A Love Letter To You 4,20,1OklvPyKzXdo7ymqqFs5VN,Abandoned,spotify:track:1OklvPyKzXdo7ymqqFs5VN,0.926,0.624,0.153,0.0,0.109,-8.488,0.0506,129.763,0.427,22
70,A Love Letter To You 4,21,0ikW7tYxoF7Ry1u90acaB0,Can You Rap Like Me - Pt. 2,spotify:track:0ikW7tYxoF7Ry1u90acaB0,0.121,0.667,0.779,0.0,0.11,-8.104,0.55,102.727,0.611,19
71,!,1,1qtHdSxiavDgUPZgpGqehx,!,spotify:track:1qtHdSxiavDgUPZgpGqehx,0.0296,0.725,0.543,0.0,0.177,-6.311,0.0841,119.961,0.693,60
72,!,2,1usK5eLBzpQTMwDt8SR2dr,Snake Skin,spotify:track:1usK5eLBzpQTMwDt8SR2dr,0.0574,0.669,0.557,0.0,0.0662,-8.835,0.0498,144.043,0.553,64
73,!,3,30P6RIDu6Pf48NyqQrlPRC,Be Yourself,spotify:track:30P6RIDu6Pf48NyqQrlPRC,0.264,0.57,0.535,3.71e-06,0.111,-6.77,0.212,90.568,0.0734,53
74,!,4,4LM5AgiA94oHVtalcwaTRm,I Try,spotify:track:4LM5AgiA94oHVtalcwaTRm,0.229,0.595,0.627,0.0,0.198,-6.751,0.0327,75.013,0.574,53
75,!,5,4WHN0WjvjnIR9v1MrU0U4c,Immortal,spotify:track:4WHN0WjvjnIR9v1MrU0U4c,0.558,0.612,0.629,0.0,0.114,-8.482,0.323,159.983,0.607,58
76,!,6,4a3ll3Qqy2bl1YhXsZiVQy,Throw It Away,spotify:track:4a3ll3Qqy2bl1YhXsZiVQy,0.159,0.841,0.492,7.27e-05,0.0803,-7.051,0.227,135.032,0.279,56
77,!,7,0l8IPksvQ5bgUDY52Pv3mg,Keep Your Head Up,spotify:track:0l8IPksvQ5bgUDY52Pv3mg,0.137,0.783,0.463,0.0,0.108,-8.028,0.117,122.965,0.332,54
78,!,8,1iOFj3NuKgmPfmFGwPUN4k,RIOT,spotify:track:1iOFj3NuKgmPfmFGwPUN4k,0.159,0.724,0.715,0.0,0.204,-5.846,0.198,148.969,0.441,52
79,!,9,2KEux6D75xjj6fdabXpeAu,Mac 10,spotify:track:2KEux6D75xjj6fdabXpeAu,0.181,0.787,0.619,0.0,0.323,-7.32,0.17,124.09,0.824,59
80,!,10,1WnKJJKMtnmPdvFGOxcRVZ,Everything BoZ,spotify:track:1WnKJJKMtnmPdvFGOxcRVZ,0.193,0.714,0.535,0.0,0.184,-7.896,0.0542,139.944,0.0974,63
81,!,11,5tRa5hnltiyqY63rWOfnO2,Under Enemy Arms,spotify:track:5tRa5hnltiyqY63rWOfnO2,0.257,0.751,0.756,0.0,0.0582,-5.453,0.0375,129.954,0.644,62
82,!,12,40shLUuowIKHOAc7pPFpky,Lil Wayne,spotify:track:40shLUuowIKHOAc7pPFpky,0.431,0.722,0.684,0.0,0.117,-4.845,0.08,152.053,0.534,61
83,!,13,1O2AyUK4Ziqp0hzTiFIVYz,Signing Off,spotify:track:1O2AyUK4Ziqp0hzTiFIVYz,0.0532,0.551,0.669,0.0,0.112,-9.398,0.0747,153.17,0.305,46
84,!,1,6gP9mWuSFMmTKyjeyRxuOa,!,spotify:track:6gP9mWuSFMmTKyjeyRxuOa,0.0363,0.734,0.564,0.0,0.175,-6.3,0.0638,119.995,0.703,25
85,!,2,1mdSWrWAJJeZj2iRRmVJQq,Snake Skin,spotify:track:1mdSWrWAJJeZj2iRRmVJQq,0.0779,0.672,0.548,0.0,0.0662,-8.893,0.0564,144.054,0.544,30
86,!,3,6Jm3w4Bmv6owsEcfrae0TJ,Be Yourself,spotify:track:6Jm3w4Bmv6owsEcfrae0TJ,0.204,0.669,0.525,1.46e-05,0.111,-6.806,0.228,91.016,0.075,21
87,!,4,77R5wYMT0xjJE0LtziLVXR,I Try,spotify:track:77R5wYMT0xjJE0LtziLVXR,0.245,0.581,0.698,0.0,0.192,-5.656,0.0365,75.034,0.429,21
88,!,5,2pO0ECLILkqcoZIROkJc0Y,Immortal,spotify:track:2pO0ECLILkqcoZIROkJc0Y,0.52,0.514,0.619,0.0,0.115,-8.435,0.327,156.29,0.64,23
89,!,6,3Km4RvUhkVMG6NqjV2AEhw,Throw It Away,spotify:track:3Km4RvUhkVMG6NqjV2AEhw,0.163,0.834,0.488,6.88e-05,0.0829,-7.041,0.144,135.05,0.252,22
90,!,7,7aZVNt4wn6FwTMYMKcrpnA,Keep Your Head Up,spotify:track:7aZVNt4wn6FwTMYMKcrpnA,0.139,0.794,0.458,0.0,0.102,-7.943,0.115,122.957,0.351,21
91,!,8,2qLGoErBx3ZyvpWII4Ici8,RIOT,spotify:track:2qLGoErBx3ZyvpWII4Ici8,0.0888,0.73,0.755,0.0,0.235,-5.807,0.127,149.034,0.488,22
92,!,9,0Y2MHSZMAB9sNuuzcnpaqG,Mac 10,spotify:track:0Y2MHSZMAB9sNuuzcnpaqG,0.162,0.798,0.605,0.0,0.293,-7.186,0.208,123.972,0.806,33
93,!,10,0OGkcyjBXsORDq8iSQOtQ1,Everything BoZ,spotify:track:0OGkcyjBXsORDq8iSQOtQ1,0.126,0.727,0.506,0.0,0.179,-8.085,0.0545,140.018,0.0766,26
94,!,11,7hgfaY1wQCGAqqJUGk5QEO,Under Enemy Arms,spotify:track:7hgfaY1wQCGAqqJUGk5QEO,0.197,0.755,0.761,0.0,0.0509,-5.289,0.0392,129.942,0.533,19
95,!,12,59EvkKktk06UdcuH0aYKNR,Lil Wayne,spotify:track:59EvkKktk06UdcuH0aYKNR,0.417,0.726,0.668,0.0,0.117,-4.879,0.11,152.032,0.534,24
96,!,13,6J3nv49MHX2RPKEnz0raCr,Signing Off,spotify:track:6J3nv49MHX2RPKEnz0raCr,0.0586,0.599,0.662,0.0,0.111,-9.364,0.0568,76.538,0.346,20
97,A Love Letter To You 3,1,5aXgz1oKK8Q9z9xvTmSnrO,Topanga,spotify:track:5aXgz1oKK8Q9z9xvTmSnrO,0.00587,0.755,0.615,1.75e-06,0.109,-8.245,0.0454,105.955,0.039,74
98,A Love Letter To You 3,2,2lvOt6VAufWlstrqutilVb,Fire Starter,spotify:track:2lvOt6VAufWlstrqutilVb,0.0023,0.51,0.707,0.0,0.436,-4.913,0.0675,147.853,0.318,54
99,A Love Letter To You 3,3,1SxagO9GK0UUeEYLmH8Pln,Toxic Waste,spotify:track:1SxagO9GK0UUeEYLmH8Pln,0.0555,0.728,0.517,1.95e-06,0.107,-11.404,0.0629,111.974,0.379,61
100,A Love Letter To You 3,4,0ZPCxNK4DIrF8KqrN3DxfA,Negative Energy,spotify:track:0ZPCxNK4DIrF8KqrN3DxfA,0.413,0.659,0.672,0.0,0.125,-7.442,0.264,139.868,0.452,60
101,A Love Letter To You 3,5,2dKtWPLZvbCzwLRliNn8UI,Can't Love,spotify:track:2dKtWPLZvbCzwLRliNn8UI,0.00244,0.842,0.567,1.89e-05,0.168,-6.504,0.0525,135.991,0.256,63
102,A Love Letter To You 3,6,0AcicReEGm1qcENjqzh1Tg,Love Scars 3,spotify:track:0AcicReEGm1qcENjqzh1Tg,0.136,0.544,0.524,0.0,0.106,-7.914,0.0621,81.982,0.117,68
103,A Love Letter To You 3,7,2ppse4DOEFlzaW7Xu3U76r,A.L.L.T.Y. 3,spotify:track:2ppse4DOEFlzaW7Xu3U76r,0.111,0.561,0.785,0.0,0.121,-5.376,0.452,150.159,0.458,53
104,A Love Letter To You 3,8,4aVQevcrgVDwqtRujqZrui,Emani Interlude,spotify:track:4aVQevcrgVDwqtRujqZrui,0.00591,0.468,0.522,0.0049,0.154,-7.117,0.049,129.805,0.254,49
105,A Love Letter To You 3,9,5Tp5zlCgbwXLMa3pgYsNMl,Elevate & Motivate,spotify:track:5Tp5zlCgbwXLMa3pgYsNMl,0.172,0.657,0.76,0.0,0.149,-3.446,0.0505,156.082,0.425,55
106,A Love Letter To You 3,10,7uenITonAmg7wXmFd3kkms,I Tried Loving,spotify:track:7uenITonAmg7wXmFd3kkms,0.181,0.624,0.686,0.0,0.19,-4.809,0.0436,160.076,0.223,59
107,A Love Letter To You 3,11,5iAyI5SlSs1hyWOQeBXvab,Wicked,spotify:track:5iAyI5SlSs1hyWOQeBXvab,0.0883,0.812,0.534,1.95e-06,0.141,-6.6,0.121,98.017,0.223,55
108,A Love Letter To You 3,12,284fVGdbsPtigjjI0jmKXo,Loyalty Before Royalty,spotify:track:284fVGdbsPtigjjI0jmKXo,0.00212,0.808,0.701,2.1e-05,0.126,-4.837,0.0984,158.068,0.154,57
109,A Love Letter To You 3,13,75lcPkAkUsKWHGBlGM476R,1400 / 999 Freestyle,spotify:track:75lcPkAkUsKWHGBlGM476R,0.0079,0.825,0.572,0.0,0.113,-6.067,0.0864,141.991,0.568,78
110,A Love Letter To You 3,14,73pDDTXW6SKqM52N4Rdred,So Alive,spotify:track:73pDDTXW6SKqM52N4Rdred,0.0316,0.678,0.474,0.0,0.0754,-10.059,0.0428,128.942,0.178,53
111,A Love Letter To You 3,15,6bKUUSlzDua0gt0g13OKqw,Diamond Minds,spotify:track:6bKUUSlzDua0gt0g13OKqw,0.567,0.678,0.477,0.0,0.11,-9.626,0.0836,92.963,0.481,56
112,A Love Letter To You 3,16,3prLqweRlHjmdsycz41cRh,Camp Fire Tale,spotify:track:3prLqweRlHjmdsycz41cRh,0.447,0.671,0.249,9.45e-06,0.125,-10.896,0.0349,80.097,0.154,52
113,LIFE'S A TRIP,1,6m3LlhdZ0HWn4D7Nnm06MQ,Together,spotify:track:6m3LlhdZ0HWn4D7Nnm06MQ,0.893,0.615,0.444,8.06e-06,0.127,-6.773,0.0282,120.098,0.125,58
114,LIFE'S A TRIP,2,4mHgYpuGHu99Mw69E83CP2,Taking A Walk,spotify:track:4mHgYpuGHu99Mw69E83CP2,0.68,0.767,0.538,0.0,0.192,-6.044,0.052,81.031,0.343,78
115,LIFE'S A TRIP,3,6IpvkngH89cA3hhPC84Leg,Wish - Trippie Mix,spotify:track:6IpvkngH89cA3hhPC84Leg,0.232,0.561,0.832,0.0,0.107,-7.661,0.0717,93.991,0.666,68
116,LIFE'S A TRIP,4,5HnxL39pSgVVQMLP7WnSfv,Missing My Idols,spotify:track:5HnxL39pSgVVQMLP7WnSfv,0.0598,0.706,0.637,0.0,0.164,-7.284,0.37,85.819,0.528,60
117,LIFE'S A TRIP,5,2c3qwFINQyRGwyqI97UQiA,Forever Ever,spotify:track:2c3qwFINQyRGwyqI97UQiA,0.388,0.689,0.426,0.0,0.129,-9.449,0.0368,90.049,0.411,60
118,LIFE'S A TRIP,6,1j2l6jMz85PaXuDiF08Vcv,Bird Shit,spotify:track:1j2l6jMz85PaXuDiF08Vcv,0.0493,0.78,0.566,0.0,0.18,-8.354,0.12,159.965,0.476,57
119,LIFE'S A TRIP,7,1pF74yw15wXk12A1NPVWHD,BANG!,spotify:track:1pF74yw15wXk12A1NPVWHD,0.259,0.715,0.529,7.48e-06,0.128,-9.019,0.0507,148.037,0.467,67
120,LIFE'S A TRIP,8,6qLkTJidtiVuNmW7ETJlic,How You Feel,spotify:track:6qLkTJidtiVuNmW7ETJlic,0.921,0.248,0.293,0.0291,0.0954,-11.598,0.033,169.784,0.04,55
121,LIFE'S A TRIP,9,4apiNNK0jp9uqn3JDG9My1,Dark Knight Dummo,spotify:track:4apiNNK0jp9uqn3JDG9My1,0.167,0.28,0.821,0.0,0.139,-2.864,0.111,181.444,0.254,67
122,LIFE'S A TRIP,10,5FTrzXtDMz3adIbLmVShk4,UKA UKA,spotify:track:5FTrzXtDMz3adIbLmVShk4,0.135,0.722,0.868,0.0,0.101,-5.34,0.16,87.011,0.671,58
123,LIFE'S A TRIP,11,6yz0Jndhv0QjKdpcEMbOjz,Shake It Up,spotify:track:6yz0Jndhv0QjKdpcEMbOjz,0.128,0.776,0.608,0.0,0.0932,-6.478,0.104,156.025,0.402,68
124,LIFE'S A TRIP,12,3GOZyiebYv432EnVy9XwzE,Oomps Revenge,spotify:track:3GOZyiebYv432EnVy9XwzE,0.103,0.579,0.587,0.0,0.112,-8.383,0.355,85.732,0.705,55
125,LIFE'S A TRIP,13,4CWgevZ4xGjy6o5qMPgYR0,Gore,spotify:track:4CWgevZ4xGjy6o5qMPgYR0,0.00186,0.614,0.66,0.0,0.228,-6.016,0.0397,141.961,0.146,54
126,LIFE'S A TRIP,14,1yQ2jDB77soMtb7Z5FQkRb,Underwater FlyZone,spotify:track:1yQ2jDB77soMtb7Z5FQkRb,0.927,0.458,0.104,0.0,0.108,-19.885,0.029,100.059,0.308,53
127,A Love Letter To You 2,1,3vWxQ6wOfMr8zH1u7pVFI6,Bust Down,spotify:track:3vWxQ6wOfMr8zH1u7pVFI6,0.337,0.722,0.821,2.12e-05,0.15,-4.167,0.172,73.015,0.659,62
128,A Love Letter To You 2,2,2oEO8hubdLxitXybAPQWWD,Feel Good,spotify:track:2oEO8hubdLxitXybAPQWWD,0.257,0.696,0.621,0.0,0.0936,-6.02,0.0531,119.998,0.456,50
129,A Love Letter To You 2,3,7KrkTrZfPhgXelA3NvDMkE,In Too Deep,spotify:track:7KrkTrZfPhgXelA3NvDMkE,0.0935,0.607,0.609,0.0,0.168,-5.679,0.0498,143.073,0.151,58
130,A Love Letter To You 2,4,2XFP42EK7jg4bGHYXRcxV3,Deadman's Wonderland,spotify:track:2XFP42EK7jg4bGHYXRcxV3,0.857,0.359,0.702,0.0,0.0888,-8.247,0.276,176.938,0.256,50
131,A Love Letter To You 2,5,70NxaxjB8IjX4YxXbT90iX,Woah Woah Woah,spotify:track:70NxaxjB8IjX4YxXbT90iX,0.0782,0.617,0.773,0.0,0.204,-4.793,0.0397,149.006,0.242,52
132,A Love Letter To You 2,6,7Juu32WsD2Spqg8xdPuHlK,Back of My Mind,spotify:track:7Juu32WsD2Spqg8xdPuHlK,0.127,0.756,0.649,4.48e-05,0.0687,-3.379,0.0543,142.023,0.697,49
133,A Love Letter To You 2,7,5bNrUcuk5gjy6Ko2dbfWhZ,Today,spotify:track:5bNrUcuk5gjy6Ko2dbfWhZ,0.0624,0.639,0.608,1.02e-05,0.311,-7.775,0.0379,141.927,0.182,51
134,A Love Letter To You 2,8,61ewCnrCtMcEeO0QnLfa3Y,Hellboy,spotify:track:61ewCnrCtMcEeO0QnLfa3Y,0.568,0.582,0.655,0.0,0.256,-4.355,0.184,139.186,0.467,53
135,A Love Letter To You 2,9,7fPEDLQlJgsuG7i5cxwjHT,Back Back Back,spotify:track:7fPEDLQlJgsuG7i5cxwjHT,0.0301,0.678,0.449,0.0,0.21,-8.406,0.0448,129.678,0.187,41
136,A Love Letter To You 2,10,55miO4EjexeuoCWya2zNo7,Dangerous,spotify:track:55miO4EjexeuoCWya2zNo7,0.0833,0.759,0.571,0.0,0.0952,-6.441,0.369,139.837,0.15,43
137,A Love Letter To You 2,11,1KnLtypE8i6HuWMOx7ZmOP,Overweight,spotify:track:1KnLtypE8i6HuWMOx7ZmOP,0.00206,0.442,0.698,0.0,0.135,-5.696,0.237,75.087,0.363,46
138,A Love Letter To You 2,12,3eygeZs2rr9N5QZGwByI4m,Overdose On L1fe,spotify:track:3eygeZs2rr9N5QZGwByI4m,0.274,0.675,0.628,0.0126,0.104,-5.319,0.0371,143.03,0.602,45
139,A Love Letter To You 2,13,7HlxbxRj9eF9c87cDwLJ4N,I Know How To Self Destruct,spotify:track:7HlxbxRj9eF9c87cDwLJ4N,0.219,0.59,0.407,0.0,0.686,-10.888,0.0575,148.551,0.17,43
140,A Love Letter To You 2,14,3Y9Ozy7bc3lmMCh4mjJFHw,Let Me Down,spotify:track:3Y9Ozy7bc3lmMCh4mjJFHw,0.0444,0.572,0.466,0.0,0.137,-11.352,0.0709,158.436,0.434,42
141,A Love Letter To You,1,0AICBlLzFCTpUqmAbtzB2z,Love Scars,spotify:track:0AICBlLzFCTpUqmAbtzB2z,0.000404,0.659,0.614,0.0,0.123,-7.32,0.0541,119.405,0.26,74
142,A Love Letter To You,2,5SCiKTGKH0fIgqQzpBvL69,Love Scars Pt. 2 / Rack City,spotify:track:5SCiKTGKH0fIgqQzpBvL69,0.0653,0.665,0.588,0.0,0.0868,-7.953,0.137,80.928,0.157,57
143,A Love Letter To You,3,6jT3etAOkvMUw0zsEw5QnR,Romeo & Juliet,spotify:track:6jT3etAOkvMUw0zsEw5QnR,0.664,0.609,0.37,0.086,0.328,-13.933,0.0712,119.806,0.352,67
144,A Love Letter To You,4,6ckN5YsUElYHQWwwUudJpL,Deeply Scared,spotify:track:6ckN5YsUElYHQWwwUudJpL,0.0271,0.694,0.417,0.0,0.178,-11.603,0.167,155.985,0.24,56
145,A Love Letter To You,5,4AiedQKPv4apGjCfg6SBfw,Blade Of Woe,spotify:track:4AiedQKPv4apGjCfg6SBfw,0.0892,0.618,0.717,0.0,0.104,-4.23,0.0598,143.07,0.102,51
146,A Love Letter To You,6,7022xokeCJFSeZxw2npVkn,It Takes Time,spotify:track:7022xokeCJFSeZxw2npVkn,0.371,0.845,0.304,0.0,0.112,-16.441,0.195,90.01,0.413,69
147,A Love Letter To You,7,4fC5jw1TI59GH1emfN1wtk,Poles 1469,spotify:track:4fC5jw1TI59GH1emfN1wtk,0.235,0.741,0.761,0.0,0.119,-3.871,0.0512,81.543,0.217,69
148,A Love Letter To You,8,7IZjtnaqjZSrg2Pm0OVBop,No Smoke No Smoke 1400 B.C. / Sauce,spotify:track:7IZjtnaqjZSrg2Pm0OVBop,0.0845,0.725,0.47,1.69e-06,0.143,-12.583,0.236,148.002,0.331,49
149,A Love Letter To You,9,2FbA1T7Lmj7C8BNcSABPWm,Stoves On 14th,spotify:track:2FbA1T7Lmj7C8BNcSABPWm,0.0998,0.761,0.509,0.0,0.139,-7.746,0.0724,126.968,0.548,52
150,A Love Letter To You,10,5L6Hsg46B22FVf2qN9DaF2,Limitless,spotify:track:5L6Hsg46B22FVf2qN9DaF2,0.0904,0.718,0.469,0.0,0.133,-11.092,0.179,137.875,0.585,51
151,A Love Letter To You,11,622KAhEhrYExbpi3Dw5xsR,Can You Rap Like Me?,spotify:track:622KAhEhrYExbpi3Dw5xsR,0.247,0.522,0.521,0.0,0.125,-13.096,0.868,173.739,0.683,52
152,A Love Letter To You,12,5eHYF98ATwMIAFYvZJi1Bt,Never Ever Land,spotify:track:5eHYF98ATwMIAFYvZJi1Bt,0.691,0.395,0.398,0.0365,0.281,-13.085,0.0775,94.135,0.189,55
